<?xml version="1.0" encoding="UTF-8" standalone="yes"?>
<addon id="script.module.streamlink.crypto" name="Streamlink Crypto" version="1.5.2" provider-name="Twilight0">
	<requires>
		<import addon="xbmc.python" version="2.14.0"/>
	</requires>
	<extension point="xbmc.python.module" library="lib"/>
	<extension point="xbmc.addon.metadata">
		<summary>Pure Python implementation of the cryptographic libraries required by Streamlink</summary>
		<source>https://github.com/Twilight0/script.module.streamlink.crypto</source>
		<platform>all</platform>
		<license>MIT</license>
	</extension>
</addon>
