<?xml version="1.0" encoding="UTF-8" standalone="yes"?>
<addon id="plugin.video.energia" name="[COLOR white][B]ENERGIA[/B][/COLOR]" version="1.0" provider-name="[COLOR white][B]ENERGIA[/B][/COLOR]">
<requires>
<import addon="xbmc.python" version="2.1.0"/>
<import addon="script.module.beautifulsoup" version="3.2.1"/>
<import addon="script.module.simple.downloader" version="0.9.4"/>
<import addon="script.module.requests"/>
<import addon="script.module.httplib2"/>
<import addon="script.module.liveresolver" version="0.1.24" optional="true"/>
<import addon="script.module.youtube.dl" optional="true"/>
<import addon="plugin.video.youtube" optional="true"/>
<import addon="script.module.dateutil" optional="true"/>
<import addon="script.module.resolveurl" optional="true"/>
<import addon="script.module.urlresolver" optional="true"/>
<import addon="script.module.inputstreamhelper" optional="true"/>
<import addon="script.module.simplejson"/>
<import addon="script.module.livestreamer" optional="true"/>
<import addon="script.module.slproxy" optional="true"/>
<import addon="script.module.pyamf" optional="true"/>
</requires>
<extension point="xbmc.python.pluginsource" library="default.py">
<provides>video</provides>
</extension>
<extension point="xbmc.addon.repository">
<info>https://raw.githubusercontent.com/AddonEnergia/Repositorio/master/RepositorioEnergia/addons.xml</info>
<checksum>https://raw.githubusercontent.com/AddonEnergia/Repositorio/master/RepositorioEnergia/addons.xml.md5</checksum>
<datadir zip="true">https://raw.githubusercontent.com/AddonEnergia/Repositorio/master/RepositorioEnergia/</datadir>
</extension>
<extension point="xbmc.addon.metadata">
<summary>[COLOR white]ADDON ENERGIA[/COLOR]</summary>
<description>[COLOR white][B]Necesario YouTube, f4mTester, SportDevil, Plexus-Acestream y un reproductor de torrent.[/B][/COLOR]</description>
<platform>all</platform>
</extension>
</addon>
