<?xml version='1.0' encoding='UTF-8' standalone='yes'?>
<addon id='script.module.torrent.ts' version='0.7.3.9' name='AceStream client' provider-name='1orgar'>
	<requires>
		<import addon='xbmc.python' version='2.7.13'/>
	</requires>
	<extension point="xbmc.python.script" library="default.py">
		<provides>executable</provides>
	</extension>
	<extension point="xbmc.python.module" library="lib"/>
	<extension point='xbmc.addon.metadata'>
		<platform>all</platform>
		<summary>AceStream client</summary>
	</extension>
</addon>
