<?xml version="1.0" encoding="UTF-8" standalone="yes"?>
<addon id="script.module.streamlink.base" name="Streamlink Library" version="2018.10.31" provider-name="Streamlink Devs, Twilight0">
	<requires>
		<import addon="xbmc.python" version="2.24.0"/>
		<import addon="script.module.requests" version="2.12.4"/>
		<import addon="script.module.futures" version="2.2.0"/>
		<import addon="script.module.streamlink.crypto" version="1.4.0"/>
	</requires>
	<extension point="xbmc.python.module" library="resources/lib/"/>
	<extension point="xbmc.addon.metadata">
		<summary>Streamlink Library</summary>
		<description>Streamlink Library for Kodi</description>
		<platform>all</platform>
		<license>Simplified BSD</license>
		<source>https://github.com/Twilight0/script.module.streamlink.base/</source>
		<language>en</language>
    <news>+ 2018.10.31
    	  - Rebase to latest upstream commit eab005175d4b76dde3d1becacd718b646384a15e</news>
    </extension>
</addon>
